{
    "aaindex_pca_1": {
        "description": "aaindex principle component analysis, component 1",
        "notes": "",
        "refs": "",
        "values": {
            "A": 0.0008880110089850158,
            "C": 0.15007613714166357,
            "D": -0.30261618793449013,
            "E": -0.20264926405462097,
            "F": 0.31148799021276713,
            "G": -0.262581414635971,
            "H": -0.001628712515668572,
            "I": 0.33816355180676183,
            "K": -0.20071481294394827,
            "L": 0.27588005709880487,
            "M": 0.26195257076743356,
            "N": -0.2476442723790671,
            "P": -0.26102986523055544,
            "Q": -0.12855609149104305,
            "R": -0.14190971881642814,
            "S": -0.2011956441156339,
            "T": -0.06939350321834398,
            "V": 0.2650752732692376,
            "W": 0.2827115495148469,
            "Y": 0.13368434651526873
        }
    },
    "aaindex_pca_10": {
        "description": "aaindex principle component analysis, component 10",
        "notes": "",
        "refs": "",
        "values": {
            "A": -0.10531221846084488,
            "C": 0.2215158179280499,
            "D": -0.11207090415561802,
            "E": -0.0547541183989686,
            "F": -0.12427523053161355,
            "G": -0.13490055531125528,
            "H": -0.2283220046380336,
            "I": 0.07780183350667116,
            "K": 0.6034049167734544,
            "L": 0.2654342576892156,
            "M": -0.2465819246782905,
            "N": 0.2770367429053028,
            "P": 0.020960359563209637,
            "Q": 0.04931861280497073,
            "R": -0.4322477781089692,
            "S": 0.029783358578952614,
            "T": -0.22861233237804712,
            "V": -0.048835078856767085,
            "W": 0.06884043045806991,
            "Y": 0.10181581531051036
        }
    },
    "aaindex_pca_11": {
        "description": "aaindex principle component analysis, component 11",
        "notes": "",
        "refs": "",
        "values": {
            "A": 0.08150430229150923,
            "C": 0.15042607458942822,
            "D": 0.07677171246251902,
            "E": -0.003013705381213825,
            "F": 0.22466504136348306,
            "G": -0.17799117799386224,
            "H": 0.07511839087913803,
            "I": -0.2432955284815454,
            "K": -0.2339472712956855,
            "L": 0.5412967928187525,
            "M": -0.35581307403202056,
            "N": 0.19474793271923604,
            "P": 0.007589061134879099,
            "Q": -0.36704456119315987,
            "R": 0.3151998773824917,
            "S": 0.11271981355986038,
            "T": -0.11676145487507228,
            "V": -0.19808133735244218,
            "W": -0.07618471564676285,
            "Y": -0.007906172949532553
        }
    },
    "aaindex_pca_12": {
        "description": "aaindex principle component analysis, component 12",
        "notes": "",
        "refs": "",
        "values": {
            "A": -0.131393693770403,
            "C": -0.04966305700443976,
            "D": 0.09938313785127144,
            "E": -0.16977422497787542,
            "F": 0.13925655215454172,
            "G": -0.052772844590874106,
            "H": -0.5929769696818226,
            "I": -0.06811018164680667,
            "K": -0.15885603962217917,
            "L": 0.14209826008574966,
            "M": 0.44981573189754054,
            "N": 0.18260722181843142,
            "P": -0.021936004867547078,
            "Q": 0.30116094872924887,
            "R": 0.11011779216963953,
            "S": 0.13825931828642027,
            "T": -0.04997331881817029,
            "V": -0.2272554490162141,
            "W": -0.24875291726965915,
            "Y": 0.20876573827314676
        }
    },
    "aaindex_pca_13": {
        "description": "aaindex principle component analysis, component 13",
        "notes": "",
        "refs": "",
        "values": {
            "A": 0.15311465157180434,
            "C": 0.0896041054991842,
            "D": -0.2436632076818119,
            "E": 0.2604463517265272,
            "F": -0.025318632412062926,
            "G": 0.031683987565557736,
            "H": 0.10024557143452259,
            "I": -0.3619183615487705,
            "K": -0.06945098738603975,
            "L": 0.056235746554948916,
            "M": -0.11142999294832776,
            "N": -0.39823859092576663,
            "P": -0.02787150032299076,
            "Q": 0.18260876901482864,
            "R": -0.19612941051232513,
            "S": 0.12783423766079977,
            "T": 0.02783578820017988,
            "V": -0.05080627121386374,
            "W": -0.17472719238361184,
            "Y": 0.6299449381072175
        }
    },
    "aaindex_pca_14": {
        "description": "aaindex principle component analysis, component 14",
        "notes": "",
        "refs": "",
        "values": {
            "A": -0.18583591129983357,
            "C": 0.04453369805586849,
            "D": -0.4912077752619513,
            "E": 0.35741626787386216,
            "F": 0.309714168858331,
            "G": 0.1206116775322094,
            "H": -0.05171790277429965,
            "I": 0.05932563758875757,
            "K": -0.2355398832076405,
            "L": -0.01684957394045238,
            "M": -0.2647225033999881,
            "N": 0.2703893020251709,
            "P": -0.01849884465415465,
            "Q": 0.4264798742140053,
            "R": -0.017804904179248283,
            "S": -0.11798008800146077,
            "T": 0.10405245994554893,
            "V": -0.0632091378030113,
            "W": 0.029109535677939363,
            "Y": -0.2582660972496518
        }
    },
    "aaindex_pca_15": {
        "description": "aaindex principle component analysis, component 15",
        "notes": "",
        "refs": "",
        "values": {
            "A": -0.40039189866855285,
            "C": 0.06674234295118489,
            "D": 0.2584861264022925,
            "E": -0.03238693418405425,
            "F": 0.4525566150857982,
            "G": 0.15216970410926098,
            "H": 0.015274774101781996,
            "I": -0.1631249118811514,
            "K": 0.3120893817754275,
            "L": 0.16257658631214864,
            "M": -0.007488101127453548,
            "N": -0.4172258885809984,
            "P": -0.0445064717802553,
            "Q": -0.015222289847908015,
            "R": -0.11997301064069135,
            "S": -0.1045045006907769,
            "T": 0.33796061565226704,
            "V": -0.11551432285237843,
            "W": -0.13305276936372318,
            "Y": -0.2044650467722193
        }
    },
    "aaindex_pca_16": {
        "description": "aaindex principle component analysis, component 16",
        "notes": "",
        "refs": "",
        "values": {
            "A": 0.4559535410451501,
            "C": 0.043477865203334805,
            "D": -0.03396855546243326,
            "E": -0.0551103105525534,
            "F": 0.5891425472165603,
            "G": -0.13692944169858856,
            "H": -0.19010428893846182,
            "I": -0.086557280692046,
            "K": 0.21092788306961766,
            "L": -0.5072039741896177,
            "M": -0.09085251115772078,
            "N": 0.10727471380426788,
            "P": 0.015199259885655979,
            "Q": -0.1790007362909453,
            "R": -0.01470796847290538,
            "S": -0.03544910705542513,
            "T": -0.055944414909058444,
            "V": 0.03319131833121762,
            "W": -0.12030083356278293,
            "Y": 0.05096229442673471
        }
    },
    "aaindex_pca_17": {
        "description": "aaindex principle component analysis, component 17",
        "notes": "",
        "refs": "",
        "values": {
            "A": 0.24818465621065855,
            "C": 0.005318210914360577,
            "D": 0.31354168845580993,
            "E": -0.4589893551377806,
            "F": 0.06384609401518426,
            "G": -0.05124249197330112,
            "H": 0.14142433972885704,